<?xml version="1.0" encoding="UTF-8" ?>
<!DOCTYPE mapper
  PUBLIC "-//mybatis.org//DTD Mapper 3.0//EN"
  "http://mybatis.org/dtd/mybatis-3-mapper.dtd">
<mapper namespace="kr.ac.hit.myapp.prod.ProductDao">
    <insert id="insert" parameterType="ProductVo" >
        INSERT INTO product 
		( prod_no, prod_name, prod_price )
		VALUES ( #{prodNo}, #{prodName}, #{prodPrice} )
    </insert>
    <select id="selectList" resultType="ProductVo" >
        SELECT prod_no, prod_name, prod_price FROM product
    </select>
    <select id="select" parameterType="int" resultType="ProductVo" >
        SELECT prod_no, prod_name, prod_price FROM product
        WHERE prod_no = #{prodNo}
    </select>
    <update id="update" parameterType="ProductVo" >
        UPDATE product 
        SET prod_name = #{prodName}, prod_price = #{prodPrice}
        WHERE prod_no = #{prodNo}
    </update>
    <delete id="delete" parameterType="int" >
        DELETE FROM product
        WHERE prod_no = #{prodNo}
    </delete>
</mapper>
  








